<?xml version="1.0" encoding="UTF-8"?>
<project-private xmlns="http://www.netbeans.org/ns/project-private/1">
    <editor-bookmarks xmlns="http://www.netbeans.org/ns/editor-bookmarks/2" lastBookmarkId="0"/>
    <open-files xmlns="http://www.netbeans.org/ns/projectui-open-files/2">
        <group>
            <file>file:/C:/Users/asus/OneDrive/Documents/NetBeansProjects/Laundry_RPL/src/laundry_rpl/loginOwner.java</file>
            <file>file:/C:/Users/asus/OneDrive/Documents/NetBeansProjects/Laundry_RPL/src/laundry_rpl/Pelanggan.java</file>
            <file>file:/C:/Users/asus/OneDrive/Documents/NetBeansProjects/Laundry_RPL/src/laundry_rpl/KelolaAdmin.java</file>
            <file>file:/C:/Users/asus/OneDrive/Documents/NetBeansProjects/Laundry_RPL/src/laundry_rpl/Paket.java</file>
            <file>file:/C:/Users/asus/OneDrive/Documents/NetBeansProjects/Laundry_RPL/src/laundry_rpl/DashboardOwner.java</file>
            <file>file:/C:/Users/asus/OneDrive/Documents/NetBeansProjects/Laundry_RPL/src/laundry_rpl/Pengeluaran.java</file>
            <file>file:/C:/Users/asus/OneDrive/Documents/NetBeansProjects/Laundry_RPL/src/laundry_rpl/Dashboard.java</file>
            <file>file:/C:/Users/asus/OneDrive/Documents/NetBeansProjects/Laundry_RPL/src/laundry_rpl/ReportOwner.java</file>
            <file>file:/C:/Users/asus/OneDrive/Documents/NetBeansProjects/Laundry_RPL/src/laundry_rpl/LaundryMasuk.java</file>
            <file>file:/C:/Users/asus/OneDrive/Documents/NetBeansProjects/Laundry_RPL/src/laundry_rpl/Register.java</file>
            <file>file:/C:/Users/asus/OneDrive/Documents/NetBeansProjects/Laundry_RPL/src/laundry_rpl/Report.java</file>
            <file>file:/C:/Users/asus/OneDrive/Documents/NetBeansProjects/Laundry_RPL/src/laundry_rpl/loginAdmin.java</file>
            <file>file:/C:/Users/asus/OneDrive/Documents/NetBeansProjects/Laundry_RPL/src/laundry_rpl/UpdateStatus.java</file>
            <file>file:/C:/Users/asus/OneDrive/Documents/NetBeansProjects/Laundry_RPL/src/laundry_rpl/Transaksi.java</file>
        </group>
    </open-files>
</project-private>
